Team,MaleCount,FemaleCount,TotalCount
30. Februar,2.0,0.0,2.0
A North American Team,4.0,0.0,4.0
Acipactli,3.0,0.0,3.0
Acturus,2.0,0.0,2.0
Afghanistan,121.0,5.0,126.0
Akatonbo,3.0,0.0,3.0
Alain IV,3.0,0.0,3.0
Albania,38.0,25.0,63.0
Alcaid,3.0,0.0,3.0
Alcyon-6,1.0,0.0,1.0
Alcyon-7,2.0,0.0,2.0
Aldebaran,2.0,0.0,2.0
Aldebaran II,2.0,0.0,2.0
Aletta,3.0,0.0,3.0
Algeria,449.0,90.0,539.0
Ali-Baba II,7.0,0.0,7.0
Ali-Baba IV,2.0,0.0,2.0
Ali-Baba IX,2.0,0.0,2.0
Ali-Baba VI,2.0,0.0,2.0
Allegro,3.0,0.0,3.0
Almaz,2.0,0.0,2.0
Aloha II,5.0,0.0,5.0
Amateur Athletic Association,5.0,0.0,5.0
American Samoa,28.0,7.0,35.0
Amolgavar,3.0,0.0,3.0
Amstel Amsterdam,4.0,0.0,4.0
Amulet-3,4.0,0.0,4.0
Amulet-7,2.0,0.0,2.0
Ancora,3.0,1.0,4.0
Andorinha,2.0,0.0,2.0
Andorra,40.0,13.0,53.0
Andromeda,3.0,0.0,3.0
Angelita,17.0,1.0,18.0
Angerburg,1.0,0.0,1.0
Angola,138.0,129.0,267.0
Anitra,6.0,0.0,6.0
Antares,2.0,0.0,2.0
Antigua and Barbuda,96.0,37.0,133.0
Antwerpia V,10.0,0.0,10.0
Apache,5.0,0.0,5.0
Aphrodite,3.0,0.0,3.0
Arcturus,2.0,0.0,2.0
Ardilla,3.0,0.0,3.0
Aretusa,3.0,0.0,3.0
Argentina,2303.0,526.0,2829.0
Argentina-1,10.0,0.0,10.0
Argentina-2,10.0,0.0,10.0
Argeste,3.0,0.0,3.0
Argo II,3.0,0.0,3.0
Argonaut Rowing Club,6.0,0.0,6.0
Argus,4.0,0.0,4.0
Ariel,2.0,0.0,2.0
Ariette-10,2.0,0.0,2.0
Ariette-8,1.0,0.0,1.0
Armenia,152.0,22.0,174.0
Aruba,26.0,16.0,42.0
Aschenbrodel,12.0,0.0,12.0
Astrid III,3.0,0.0,3.0
Atalanta Boat Club-1,2.0,0.0,2.0
Atalanta Boat Club-2,2.0,0.0,2.0
Athens-2,11.0,0.0,11.0
Atlanta,9.0,0.0,9.0
Augsburg,1.0,0.0,1.0
Ausonia,3.0,0.0,3.0
Australasia,75.0,2.0,77.0
Australia,4450.0,2526.0,6976.0
Australia-1,12.0,24.0,36.0
Australia-2,12.0,24.0,36.0
Australia/Great Britain,2.0,0.0,2.0
Austria,2318.0,594.0,2912.0
Austria-1,10.0,0.0,10.0
Austria-2,8.0,0.0,8.0
Azerbaijan,201.0,64.0,265.0
"BLO Polo Club, Rugby",4.0,0.0,4.0
Babe,5.0,0.0,5.0
Baby-1,2.0,0.0,2.0
Baby-9,1.0,0.0,1.0
Baccara,3.0,0.0,3.0
"Bagatelle Polo Club, Paris",4.0,0.0,4.0
Bahamas,248.0,100.0,348.0
Bahrain,95.0,31.0,126.0
Bajazzo,3.0,0.0,3.0
Balaton,2.0,0.0,2.0
Ballerina IV,3.0,0.0,3.0
Bamba,6.0,0.0,6.0
Bangladesh,42.0,13.0,55.0
Barbados,180.0,39.0,219.0
Barco Deloro,4.0,0.0,4.0
Barion/Bari-2,3.0,0.0,3.0
Barrenjoey,3.0,0.0,3.0
Beatrijs III-1,3.0,0.0,3.0
Beaver,4.0,0.0,4.0
Belarus,683.0,559.0,1242.0
Belgium,2920.0,565.0,3485.0
Belgium-1,13.0,2.0,15.0
Belgium-2,8.0,2.0,10.0
Belgium-3,3.0,1.0,4.0
Belgium-4,3.0,1.0,4.0
Belize,67.0,9.0,76.0
Bella,2.0,0.0,2.0
Bellatrix IX,3.0,0.0,3.0
Bellatrix XIII,2.0,0.0,2.0
Bem II,4.0,0.0,4.0
Benin,57.0,14.0,71.0
Bera,5.0,0.0,5.0
Berliner Ruderclub,2.0,0.0,2.0
Berliner Ruderclub Sport-Borussia-1,9.0,0.0,9.0
Berliner Ruderverein von 1876-2,9.0,0.0,9.0
Bermuda,150.0,41.0,191.0
Bermudes,3.0,0.0,3.0
Bermudian,2.0,0.0,2.0
Bhutan,19.0,17.0,36.0
Bim,3.0,0.0,3.0
Bingo,3.0,0.0,3.0
Bissbi,4.0,0.0,4.0
Blue Red,5.0,0.0,5.0
Bluebottle,3.0,0.0,3.0
Boer Team,5.0,0.0,5.0
Bohemia,145.0,1.0,146.0
Bohemia-1,2.0,0.0,2.0
Bohemia-2,2.0,0.0,2.0
Bohemia-3,2.0,0.0,2.0
Bohemia/Great Britain,1.0,1.0,2.0
Bolivia,85.0,36.0,121.0
Bona Fide,3.0,0.0,3.0
Bonzo,3.0,0.0,3.0
Boreas,3.0,0.0,3.0
Boreas-2,2.0,0.0,2.0
Bosnia and Herzegovina,54.0,19.0,73.0
Boston Archers,4.0,0.0,4.0
Botswana,83.0,7.0,90.0
Brandenburg,1.0,0.0,1.0
Brat,2.0,0.0,2.0
Brazil,2605.0,1103.0,3708.0
Brazil-1,16.0,12.0,28.0
Brazil-2,16.0,12.0,28.0
Bremen,1.0,0.0,1.0
Breslau,1.0,0.0,1.0
Briar,1.0,0.0,1.0
Brigantia,2.0,0.0,2.0
British Virgin Islands,37.0,5.0,42.0
Bronia,3.0,0.0,3.0
Brunei,8.0,2.0,10.0
Brussels Swimming and Water Polo Club,10.0,0.0,10.0
Brynhild-2,1.0,0.0,1.0
Bu III,2.0,0.0,2.0
Bucintoro Venezia,8.0,0.0,8.0
Bucintoro Venezia-1,3.0,0.0,3.0
Bulgaria,2032.0,905.0,2937.0
Buraddoo,6.0,0.0,6.0
Burevestnik,3.0,0.0,3.0
Burkina Faso,29.0,15.0,44.0
Burundi,25.0,14.0,39.0
Buscape II,2.0,0.0,2.0
Bylina-2,5.0,0.0,5.0
C.V.A.-14,2.0,0.0,2.0
C.V.A.-7,4.0,0.0,4.0
Calcinhas,2.0,0.0,2.0
Calypse II,2.0,0.0,2.0
Cambodia,44.0,17.0,61.0
Cambria,3.0,0.0,3.0
Cambridge University Boat Club-2,9.0,0.0,9.0
Camelia,4.0,0.0,4.0
Cameroon,216.0,94.0,310.0
Camille,1.0,0.0,1.0
Canada,4224.0,2465.0,6689.0
Canada-1,13.0,9.0,22.0
Canada-2,13.0,9.0,22.0
Canopus,6.0,0.0,6.0
Cape Verde,9.0,9.0,18.0
Caprice,4.0,0.0,4.0
Carabinier-15,1.0,0.0,1.0
Carabinier-5,1.0,0.0,1.0
Cayman Islands,68.0,12.0,80.0
Central African Republic,51.0,16.0,67.0
"Central Turnverein, Chicago",6.0,0.0,6.0
Century Boat Club-1,4.0,0.0,4.0
Cercle Nautique de Reims-4,2.0,0.0,2.0
Cercle de l'Aviron Roubaix-4,10.0,0.0,10.0
Ceres II,3.0,0.0,3.0
Cha-Cha III,2.0,0.0,2.0
Chad,31.0,10.0,41.0
Chaje II,3.0,0.0,3.0
Chamukina,2.0,0.0,2.0
Chance,2.0,0.0,2.0
Chicago Archers,4.0,0.0,4.0
Chicago Athletic Association,5.0,0.0,5.0
Chicago Athletic Association-2,11.0,0.0,11.0
Chile,654.0,97.0,751.0
China,1992.0,2187.0,4179.0
China-1,30.0,42.0,72.0
China-2,28.0,42.0,70.0
Chinese Taipei,593.0,395.0,988.0
Chinese Taipei-1,2.0,4.0,6.0
Chinese Taipei-2,2.0,4.0,6.0
Chok,3.0,0.0,3.0
Christian Brothers' College-1,11.0,0.0,11.0
Chuckles,2.0,0.0,2.0
Cicely-1,1.0,0.0,1.0
Cinara-13,1.0,0.0,1.0
Cincinnati Archers,4.0,4.0,8.0
Ciocca,5.0,0.0,5.0
Ciocca II,7.0,0.0,7.0
Ciocca III,3.0,0.0,3.0
Circus,2.0,0.0,2.0
Ciss,3.0,0.0,3.0
Clementine V,2.0,0.0,2.0
Club Nautique de Dieppe-5,6.0,0.0,6.0
Club Nautique de Franais-1,4.0,0.0,4.0
Club Nautique de Lyon-2,8.0,0.0,8.0
Cobweb-1,5.0,0.0,5.0
Colette-10,1.0,0.0,1.0
Colette-12,2.0,0.0,2.0
Colombia,773.0,293.0,1066.0
Comanche,2.0,0.0,2.0
Combine,2.0,0.0,2.0
Comoros,11.0,8.0,19.0
Compigne Polo Club,4.0,0.0,4.0
Complex II,4.0,0.0,4.0
"Concordia Turnverein, St Louis",6.0,0.0,6.0
Congo (Brazzaville),70.0,35.0,105.0
Congo (Kinshasa),68.0,25.0,93.0
Cook Islands,24.0,16.0,40.0
Cornwall,15.0,0.0,15.0
Costa Rica,175.0,65.0,240.0
Cote d'Ivoire,135.0,58.0,193.0
Covunco III,2.0,0.0,2.0
Crabe I-11,1.0,0.0,1.0
Crabe I-2,1.0,0.0,1.0
Crabe I-3,1.0,0.0,1.0
Crabe II-1,5.0,0.0,5.0
Crabe II-12,5.0,0.0,5.0
Crabe II-4,5.0,0.0,5.0
Crete,11.0,0.0,11.0
Croatia,526.0,181.0,707.0
Crocodile-11,2.0,0.0,2.0
Crocodile-13,1.0,0.0,1.0
Cuba,1880.0,584.0,2464.0
Cupidon III,5.0,0.0,5.0
Cupidon Viking,5.0,0.0,5.0
Cuxhaven,1.0,0.0,1.0
Cyprus,131.0,47.0,178.0
Czech Republic,530.0,380.0,910.0
Czech Republic-1,12.0,10.0,22.0
Czech Republic-2,12.0,10.0,22.0
Czechoslovakia,2651.0,698.0,3349.0
Czechoslovakia-1,8.0,0.0,8.0
Czechoslovakia-2,6.0,0.0,6.0
Czechoslovakia-3,6.0,0.0,6.0
Daisy,5.0,0.0,5.0
Damoiselle,3.0,0.0,3.0
Damoiselle IV,3.0,0.0,3.0
Danaldo,2.0,0.0,2.0
Dansk Idrts Forbund,11.0,0.0,11.0
Danuta,5.0,0.0,5.0
Danzig,1.0,0.0,1.0
"Davenport Turngemeinde, Davenport",6.0,0.0,6.0
DeRuyter,8.0,0.0,8.0
Demi-Mondaine-15,1.0,0.0,1.0
Demi-Mondaine-17,1.0,0.0,1.0
Denmark,2665.0,647.0,3312.0
Denmark-1,18.0,12.0,30.0
Denmark-2,18.0,12.0,30.0
Denmark-3,2.0,0.0,2.0
Denmark-4,2.0,0.0,2.0
Denmark/Sweden,6.0,0.0,6.0
Deutscher Schwimm Verband Berlin,4.0,0.0,4.0
Devon and Somerset Wanderers,12.0,0.0,12.0
Diablo,2.0,0.0,2.0
Diabolo St Maurice,1.0,0.0,1.0
Dick-8,1.0,0.0,1.0
Dinah V,3.0,0.0,3.0
Djibouti,33.0,5.0,38.0
Djinn,10.0,0.0,10.0
Dolfijn,6.0,0.0,6.0
Dominica,11.0,7.0,18.0
Dominican Republic,205.0,72.0,277.0
Don Schufro,1.0,0.0,1.0
Donar III,3.0,0.0,3.0
Dormy-1,3.0,0.0,3.0
Dresden,1.0,0.0,1.0
Druzhba,6.0,0.0,6.0
Ducky-16,1.0,0.0,1.0
Ducky-4,2.0,0.0,2.0
Dylan-2,2.0,0.0,2.0
EA II,6.0,0.0,6.0
East Germany,1346.0,752.0,2098.0
East Germany-1,2.0,0.0,2.0
East Germany-2,2.0,0.0,2.0
East Germany-3,2.0,0.0,2.0
Ecuador,213.0,64.0,277.0
Edelweiss II-1,3.0,0.0,3.0
Egypt,1438.0,181.0,1619.0
Eissero VI,2.0,0.0,2.0
El Salvador,152.0,66.0,218.0
Eleda,7.0,0.0,7.0
Elisabeth V,3.0,0.0,3.0
Elisabeth X,5.0,0.0,5.0
Elsie,4.0,0.0,4.0
Emily,5.0,0.0,5.0
Encore,2.0,1.0,3.0
England,12.0,0.0,12.0
England-1,23.0,0.0,23.0
Enotria,2.0,0.0,2.0
Equatorial Guinea,29.0,11.0,40.0
Eritrea,37.0,6.0,43.0
Erna Signe,10.0,0.0,10.0
Escapade,3.0,0.0,3.0
Espadarte,2.0,0.0,2.0
Espardate,2.0,0.0,2.0
Esperia,5.0,0.0,5.0
Espuma del Mar,4.0,0.0,4.0
Essen,1.0,0.0,1.0
Esterel-1,2.0,0.0,2.0
Estonia,363.0,82.0,445.0
Ethiopia,284.0,92.0,376.0
Ethnikos Gymnastikos Syllogos,2.0,0.0,2.0
Evita VI,2.0,0.0,2.0
Fada,2.0,0.0,2.0
Falcon IV,2.0,0.0,2.0
Falcon VI,2.0,0.0,2.0
Faneca,4.0,0.0,4.0
Fantasio III,2.0,0.0,2.0
Fantlet-2,1.0,0.0,1.0
Fantlet-7,2.0,0.0,2.0
Favorite Hammonia-3,11.0,0.0,11.0
Favorite-1,8.0,0.0,8.0
Favorite-17,4.0,0.0,4.0
Federated States of Micronesia,15.0,11.0,26.0
Femur-1,1.0,0.0,1.0
Femur-18,1.0,0.0,1.0
Feo,5.0,1.0,6.0
Fiji,161.0,67.0,228.0
Finland,2967.0,503.0,3470.0
Finland-1,2.0,0.0,2.0
Finland-2,2.0,0.0,2.0
Finn II,3.0,0.0,3.0
Firebird II,2.0,0.0,2.0
Floresco,1.0,0.0,1.0
Formosa,1.0,0.0,1.0
Fornebo,4.0,0.0,4.0
Fortuna,2.0,0.0,2.0
Foxhunters Hurlingham,5.0,0.0,5.0
Fram,5.0,0.0,5.0
Fram III,3.0,0.0,3.0
France,7881.0,2140.0,10021.0
France-1,52.0,6.0,58.0
France-2,38.0,6.0,44.0
France-3,7.0,1.0,8.0
France-4,2.0,0.0,2.0
France/Great Britain,1.0,1.0,2.0
Frankfurt Club,15.0,0.0,15.0
Freddy,2.0,0.0,2.0
Freia-19,1.0,0.0,1.0
Freia-5,2.0,0.0,2.0
Freja,3.0,0.0,3.0
Frieda,5.0,0.0,5.0
Frimousse,3.0,0.0,3.0
Frip IV,2.0,0.0,2.0
Fruits,5.0,0.0,5.0
Gabbiano,3.0,0.0,3.0
Gabon,48.0,15.0,63.0
Galatea II,3.0,0.0,3.0
Galejan,3.0,0.0,3.0
Galerna,3.0,0.0,3.0
Gallant,5.0,0.0,5.0
Gallia II,7.0,0.0,7.0
Galopin De La Font,1.0,0.0,1.0
Galopin-20,2.0,0.0,2.0
Galopin-9,4.0,0.0,4.0
Galt Football Club,13.0,0.0,13.0
Gam II,2.0,0.0,2.0
Gambia,43.0,13.0,56.0
Gem,2.0,0.0,2.0
Gem II,2.0,0.0,2.0
Gem III,2.0,0.0,2.0
Gem IV,2.0,0.0,2.0
Gem VII,2.0,0.0,2.0
Georgia,186.0,61.0,247.0
Germania II,6.0,0.0,6.0
"Germania Ruder Club, Hamburg",9.0,0.0,9.0
"Germania Ruder Club, Hamburg-2",5.0,0.0,5.0
Germany,5252.0,2126.0,7378.0
Germany-1,23.0,20.0,43.0
Germany-2,22.0,20.0,42.0
Germany-3,2.0,0.0,2.0
Germany/United States,2.0,0.0,2.0
Ghana,300.0,58.0,358.0
Gilliatt V,3.0,0.0,3.0
Girl Pat,3.0,0.0,3.0
Giselle-6,2.0,0.0,2.0
Gitana-2,10.0,0.0,10.0
Gitana-21,5.0,0.0,5.0
Glider,2.0,0.0,2.0
Glisten,2.0,0.0,2.0
Great Britain,7444.0,2865.0,10309.0
Great Britain-1,48.0,22.0,70.0
Great Britain-2,48.0,22.0,70.0
Great Britain-3,11.0,3.0,14.0
Great Britain-4,7.0,1.0,8.0
Great Britain/Germany,2.0,0.0,2.0
Greece,2173.0,615.0,2788.0
Greece-1,5.0,5.0,10.0
Greece-2,5.0,5.0,10.0
Greece-3,5.0,1.0,6.0
Greece-4,1.0,1.0,2.0
Greenoaks Dundee,1.0,0.0,1.0
Grenada,37.0,17.0,54.0
Grifo III,3.0,0.0,3.0
Grifo IV,3.0,0.0,3.0
Grifone,3.0,0.0,3.0
Gteborgs Roddfrening-2,5.0,0.0,5.0
Gteborgs Roddklubb-1,9.0,0.0,9.0
Guam,84.0,27.0,111.0
Guanahani,3.0,0.0,3.0
Guatemala,338.0,72.0,410.0
Guinea,58.0,15.0,73.0
Guinea Bissau,13.0,8.0,21.0
Gullvinge,3.0,0.0,3.0
Gustel V,5.0,0.0,5.0
Gustel X,3.0,0.0,3.0
Gustl XI,3.0,0.0,3.0
Guyana,81.0,21.0,102.0
Guyoni,3.0,0.0,3.0
Gwendoline-2,6.0,0.0,6.0
Gwendoline-22,3.0,0.0,3.0
GyoshuII,2.0,0.0,2.0
Gyp-23,1.0,0.0,1.0
Gyp-6,1.0,0.0,1.0
Gyrinus-1,6.0,0.0,6.0
Haiti,86.0,19.0,105.0
Hakahana,2.0,0.0,2.0
Hamburg,1.0,0.0,1.0
Hannover,1.0,0.0,1.0
Harmony,2.0,0.0,2.0
Hatuey,3.0,0.0,3.0
Hayama,2.0,0.0,2.0
Hb-20,1.0,0.0,1.0
Hb-24,1.0,0.0,1.0
Heatherbell,7.0,0.0,7.0
Heidelberg,1.0,0.0,1.0
Heira II,9.0,0.0,9.0
Helsingfors R. K.,5.0,0.0,5.0
Hera-1,10.0,0.0,10.0
Heroine,3.0,1.0,4.0
Hi-Hi,4.0,0.0,4.0
Hilarius,2.0,0.0,2.0
Hirondelle,2.0,0.0,2.0
Hojwa,3.0,0.0,3.0
Holland,2.0,0.0,2.0
Hollandia,6.0,0.0,6.0
Honduras,150.0,36.0,186.0
Hong Kong,451.0,207.0,658.0
Hong Kong-1,4.0,2.0,6.0
Hong Kong-2,4.0,2.0,6.0
Hornet,2.0,0.0,2.0
Humbug V,2.0,0.0,2.0
Hungaria,5.0,0.0,5.0
Hungaria Evezos Egylet,9.0,0.0,9.0
Hungary,4527.0,1562.0,6089.0
Hungary-1,2.0,2.0,4.0
Hungary-2,4.0,2.0,6.0
Hungary-3,2.0,0.0,2.0
Hurlingham-2,4.0,0.0,4.0
Iceland,336.0,90.0,426.0
Ilderim,6.0,0.0,6.0
Impala,2.0,0.0,2.0
Inca,2.0,0.0,2.0
Independent Rowing Club-3,2.0,0.0,2.0
India,1132.0,238.0,1370.0
India-1,4.0,0.0,4.0
India-2,4.0,0.0,4.0
Individual Olympic Athletes,64.0,29.0,93.0
Indonesia,241.0,114.0,355.0
Indonesia-1,15.0,11.0,26.0
Indonesia-2,15.0,11.0,26.0
Inga-Lill XXXXIII,3.0,0.0,3.0
Ingegerd,4.0,0.0,4.0
Iran,667.0,45.0,712.0
Iraq,225.0,7.0,232.0
Ireland,1003.0,271.0,1274.0
Ireland-1,1.0,1.0,2.0
Ireland-2,13.0,1.0,14.0
Ireland-3,10.0,0.0,10.0
Irene,5.0,0.0,5.0
Israel,441.0,197.0,638.0
Italia,6.0,0.0,6.0
Italy,6273.0,1778.0,8051.0
Italy-1,3.0,9.0,12.0
Italy-2,3.0,9.0,12.0
Jamaica,448.0,366.0,814.0
Japan,4188.0,2045.0,6233.0
Japan-1,16.0,24.0,40.0
Japan-2,16.0,24.0,40.0
Jeanette-25,1.0,0.0,1.0
Jeannette-18,1.0,0.0,1.0
Jest,2.0,0.0,2.0
Jet,3.0,0.0,3.0
Jill,3.0,0.0,3.0
Jo,3.0,0.0,3.0
Johan,5.0,0.0,5.0
John B,6.0,0.0,6.0
Jordan,57.0,23.0,80.0
Joy,5.0,0.0,5.0
Jupiter,2.0,0.0,2.0
K Division Metropolitan Police Team-3,8.0,0.0,8.0
K.S.S.S. 1912-2,6.0,0.0,6.0
KNS,2.0,0.0,2.0
Kalayaan,3.0,0.0,3.0
Kannibaltje,2.0,0.0,2.0
Kathleen,2.0,0.0,2.0
Kazakhstan,517.0,314.0,831.0
Kemphaan,5.0,0.0,5.0
Kenya,609.0,159.0,768.0
Kerstin-1,3.0,0.0,3.0
Kiel,1.0,0.0,1.0
Kingfisher,2.0,0.0,2.0
Kiribati,8.0,3.0,11.0
Kitty-1,8.0,0.0,8.0
Kln,1.0,0.0,1.0
Knigsberg,1.0,0.0,1.0
Kon-Tiki,2.0,0.0,2.0
Konstanz,1.0,0.0,1.0
Korshun,3.0,0.0,3.0
Kosovo,3.0,5.0,8.0
Kristiania Roklub,9.0,0.0,9.0
Kristiania Roklub-1,10.0,0.0,10.0
Kuling,3.0,0.0,3.0
Kullan,3.0,0.0,3.0
Kurush II,2.0,0.0,2.0
Kurush IV,4.0,0.0,4.0
Kuwait,280.0,4.0,284.0
Kyrgyzstan,161.0,51.0,212.0
L'Aile VI,5.0,1.0,6.0
"La Salle Turnverein, Chicago",6.0,0.0,6.0
LaBandera,5.0,0.0,5.0
Lady C,2.0,0.0,2.0
Lalage,10.0,0.0,10.0
Laos,42.0,12.0,54.0
"Large boat, Central Naval Prep School ""Poros""-1",17.0,0.0,17.0
Lasha,3.0,0.0,3.0
Latvia,346.0,103.0,449.0
Latvia-1,2.0,0.0,2.0
Latvia-2,2.0,0.0,2.0
Laurea-1,1.0,0.0,1.0
Lbeck,1.0,0.0,1.0
Leander Club #1-1,2.0,0.0,2.0
Leander Club #2-2,2.0,0.0,2.0
Leander Club-1,18.0,0.0,18.0
Leander Club-2,4.0,0.0,4.0
Lebanon,211.0,25.0,236.0
Legionario,2.0,0.0,2.0
Leipzig,1.0,0.0,1.0
"Lemzos Thorichton ""Psara""-3",17.0,0.0,17.0
"Lemzos Thorichton ""Spetsai""-4",17.0,0.0,17.0
Lerina,6.0,3.0,9.0
Lesotho,51.0,15.0,66.0
Lett,3.0,0.0,3.0
Libellule de Paris,7.0,0.0,7.0
Libellule de Paris-3,5.0,0.0,5.0
Liberia,61.0,13.0,74.0
Libya,73.0,11.0,84.0
Liechtenstein,74.0,19.0,93.0
"Life boat naval ship ""Spetsai""-1",7.0,0.0,7.0
Linglom,2.0,1.0,3.0
Lithuania,375.0,163.0,538.0
Liverpool Police Team-2,8.0,0.0,8.0
Llanoria,10.0,1.0,11.0
London City Police-1,8.0,0.0,8.0
Lotta IV,4.0,0.0,4.0
Lucky,2.0,0.0,2.0
Lucky Girl-1,5.0,0.0,5.0
Lucky Star,4.0,1.0,5.0
Ludwigshafener Ruder Verein-1,5.0,0.0,5.0
Ludwigshafener Ruderverein,5.0,0.0,5.0
Lully II,5.0,0.0,5.0
Luxembourg,898.0,72.0,970.0
Lyn-2,5.0,0.0,5.0
Lynn,5.0,0.0,5.0
Ma'Lindo,2.0,0.0,2.0
Mac Miche,3.0,0.0,3.0
Macedonia,34.0,28.0,62.0
Macky VI,3.0,0.0,3.0
Mad Dog,2.0,0.0,2.0
Madagascar,69.0,48.0,117.0
Magda IX,10.0,0.0,10.0
Magdalen College Boat Club-1,4.0,0.0,4.0
Maid of Lebanon,2.0,0.0,2.0
Mainz,1.0,0.0,1.0
Malawi,73.0,14.0,87.0
Malaya,44.0,1.0,45.0
Malaysia,409.0,101.0,510.0
Malaysia-1,10.0,0.0,10.0
Malaysia-2,10.0,0.0,10.0
Maldives,37.0,12.0,49.0
Mali,63.0,29.0,92.0
Malta,85.0,29.0,114.0
Mamie-4,2.0,0.0,2.0
Mamie-6,4.0,0.0,4.0
Manana,2.0,0.0,2.0
Marga-2,6.0,0.0,6.0
Margaret,2.0,0.0,2.0
Mari,2.0,0.0,2.0
Marie-Tim,2.0,0.0,2.0
"Marinai della nave da guerra ""Varese""",24.0,0.0,24.0
Marmara,2.0,0.0,2.0
Marmi II-1,3.0,0.0,3.0
Marshall Islands,7.0,7.0,14.0
Marsouin-26,1.0,0.0,1.0
Marsouin-8,1.0,0.0,1.0
Martha-1,8.0,0.0,8.0
Martha-27,4.0,0.0,4.0
Maryke,2.0,0.0,2.0
Mascaret-28,1.0,0.0,1.0
Mascaret-4,2.0,0.0,2.0
Mascotte,9.0,0.0,9.0
Matrero II,6.0,0.0,6.0
Mauritania,24.0,5.0,29.0
Mauritius,91.0,49.0,140.0
Mauritius-1,1.0,1.0,2.0
Mauritius-2,1.0,1.0,2.0
May Be,4.0,1.0,5.0
May Be VII,5.0,0.0,5.0
May-Be 1960,2.0,0.0,2.0
Mebi,3.0,0.0,3.0
Merope,4.0,0.0,4.0
Merope III,4.0,0.0,4.0
Meteor,2.0,0.0,2.0
Mexico,2154.0,641.0,2795.0
Mignon-29,1.0,0.0,1.0
Mignon-3,2.0,0.0,2.0
Milwaukee Athletic Club-1,5.0,0.0,5.0
"Milwaukee Turnverein, Milwaukee",6.0,0.0,6.0
Minerva Amsterdam,17.0,0.0,17.0
Minotaur,3.0,0.0,3.0
Mirtala,3.0,0.0,3.0
Miss Denmark 1964,2.0,0.0,2.0
Miss Nippon IV,3.0,0.0,3.0
Miss Nippon V,3.0,0.0,3.0
Missouri Athletic Club-3,11.0,0.0,11.0
MitaII,2.0,0.0,2.0
Mizar,2.0,0.0,2.0
Mohawk Indians-2,12.0,0.0,12.0
Moldova,149.0,42.0,191.0
Monaco,124.0,7.0,131.0
Mongolia,317.0,136.0,453.0
Monica,3.0,0.0,3.0
Montenegro,54.0,35.0,89.0
Moorina,2.0,0.0,2.0
Morena,5.0,0.0,5.0
Morocco,547.0,85.0,632.0
Moseley Wanderers,15.0,0.0,15.0
Mosk II,7.0,0.0,7.0
Mouchette-2,10.0,0.0,10.0
Mound City Rowing Club-2,4.0,0.0,4.0
Mozambique,55.0,23.0,78.0
Mutafo,3.0,0.0,3.0
Myanmar,83.0,24.0,107.0
Myojo,2.0,0.0,2.0
Mystery,5.0,0.0,5.0
Nadine,1.0,0.0,1.0
Naiad,2.0,0.0,2.0
Namibia,49.0,28.0,77.0
Namoussa,5.0,0.0,5.0
Nan-2,1.0,0.0,1.0
Nauru,11.0,2.0,13.0
Nausikaa 4,2.0,0.0,2.0
Nautikos Omilos-3,5.0,0.0,5.0
Nepal,64.0,24.0,88.0
Nephos I,4.0,0.0,4.0
Neptun II,3.0,0.0,3.0
Netherlands,3423.0,1628.0,5051.0
Netherlands Antilles,62.0,12.0,74.0
Netherlands-1,4.0,6.0,10.0
Netherlands-2,4.0,6.0,10.0
"New College, Oxford-2",9.0,0.0,9.0
New York Athletic Club,5.0,0.0,5.0
New York Athletic Club #1-1,4.0,0.0,4.0
New York Athletic Club #2-4,4.0,0.0,4.0
New York Athletic Club-1,7.0,0.0,7.0
New York Athletic Club-4,5.0,0.0,5.0
"New York Turnverein, New York",6.0,0.0,6.0
New Zealand,1410.0,722.0,2132.0
Newfoundland,1.0,0.0,1.0
Nicaragua,107.0,22.0,129.0
Niger,37.0,10.0,47.0
Nigeria,561.0,301.0,862.0
Nigeria-1,6.0,4.0,10.0
Nigeria-2,6.0,4.0,10.0
Nikh,2.0,0.0,2.0
Nina,7.0,0.0,7.0
Nina Claire-2,8.0,0.0,8.0
Nina Claire-30,4.0,0.0,4.0
Nirefs,3.0,0.0,3.0
Nirwana,5.0,0.0,5.0
Nokaut II,2.0,0.0,2.0
Nora,2.0,0.0,2.0
Noreg,4.0,0.0,4.0
Norman-1,5.0,0.0,5.0
Norna,4.0,0.0,4.0
Nortazo,2.0,0.0,2.0
North Borneo,2.0,0.0,2.0
North Korea,361.0,309.0,670.0
North Korea-1,2.0,4.0,6.0
North Korea-2,2.0,4.0,6.0
North Yemen,11.0,0.0,11.0
Norway,1891.0,489.0,2380.0
Norway-1,6.0,4.0,10.0
Norway-2,7.0,5.0,12.0
Norway-3,2.0,0.0,2.0
Norwegian Rowing Association,9.0,0.0,9.0
"Norwegier Turnverein, Brooklyn",6.0,0.0,6.0
Notavel,1.0,0.0,1.0
Nrnberg,1.0,0.0,1.0
Nurdug II,3.0,0.0,3.0
Nykjbings paa Falster,5.0,0.0,5.0
Oleander II,3.0,0.0,3.0
Oleander XII,3.0,0.0,3.0
Olen,3.0,0.0,3.0
Olimpia,2.0,0.0,2.0
Olle,9.0,0.0,9.0
Olympion,2.0,0.0,2.0
Oman,62.0,4.0,66.0
Omas Helliniki P. S.,8.0,0.0,8.0
Omilos Ereton Peiraios-2,3.0,0.0,3.0
Omilos Ereton Smyrnis,5.0,0.0,5.0
Oranje,3.0,0.0,3.0
Ormsund Roklub-2,5.0,0.0,5.0
"Osborne Swimming Club, Manchester",7.0,0.0,7.0
Oxalis,1.0,0.0,1.0
Paka,2.0,0.0,2.0
Paka V,2.0,0.0,2.0
Pakaria,2.0,0.0,2.0
Pakistan,549.0,11.0,560.0
Palau,12.0,13.0,25.0
Palestine,13.0,8.0,21.0
Pam,3.0,0.0,3.0
Pampero,9.0,0.0,9.0
Pan,11.0,0.0,11.0
Pan II,3.0,0.0,3.0
Pan-Hellenic Athletic Club,5.0,0.0,5.0
Panama,100.0,39.0,139.0
Pandora,2.0,0.0,2.0
Panhellenios Gymnastikos Syllogos-1,11.0,0.0,11.0
Pannonia RC/National RC,9.0,0.0,9.0
Papua New Guinea,82.0,26.0,108.0
Paraguay,112.0,22.0,134.0
Partenope,3.0,0.0,3.0
Pasodoble,2.0,0.0,2.0
"Passaic Turnverein, Passaic",6.0,0.0,6.0
Patricia,3.0,0.0,3.0
Paula,3.0,0.0,3.0
Pegaso,2.0,0.0,2.0
Peiraikos Syndesmos-2,8.0,0.0,8.0
Peri,2.0,0.0,2.0
Peri II,2.0,0.0,2.0
Persey,3.0,0.0,3.0
Peru,364.0,158.0,522.0
Pettit-Poucet-6,1.0,0.0,1.0
"Phalainis ton Thorichtou ""Hydra""-2",24.0,0.0,24.0
"Phalainis ton Thorichtou ""Psara""-3",7.0,0.0,7.0
"Philadelphia Turngemeinde, Philadelphia",6.0,0.0,6.0
Philippines,576.0,104.0,680.0
Phoenix,3.0,0.0,3.0
Pierre et Jean-3,1.0,0.0,1.0
Pierre et Jean-4,2.0,0.0,2.0
Pigoule,2.0,0.0,2.0
Pimm,2.0,0.0,2.0
Pirouette-31,1.0,0.0,1.0
Pirouette-5,2.0,0.0,2.0
Pistoja/Firenze,9.0,0.0,9.0
Plume-Patte-5,2.0,0.0,2.0
Plume-patte-32,1.0,0.0,1.0
Poland,3522.0,1308.0,4830.0
Poland-1,8.0,6.0,14.0
Poland-2,8.0,6.0,14.0
Poland-3,2.0,0.0,2.0
Polyteknisk Roklub-1,5.0,0.0,5.0
Portugal,1178.0,277.0,1455.0
Posillipo III,3.0,0.0,3.0
Potomac Archers,4.0,0.0,4.0
Potsdam,1.0,0.0,1.0
Pousse-Moi Pas VII,2.0,0.0,2.0
Primorka,2.0,0.0,2.0
Proteus II,3.0,0.0,3.0
Puerto Rico,725.0,165.0,890.0
Pupilles de Neptune de Lille #1-3,7.0,0.0,7.0
Pupilles de Neptune de Lille #2-1,8.0,0.0,8.0
Pupilles de Neptune de Lille-1,4.0,0.0,4.0
Qatar,185.0,7.0,192.0
Qu'Importe,5.0,0.0,5.0
Quand-Mme-2,9.0,0.0,9.0
Quand-Mme-33,4.0,0.0,4.0
Quicksilver-2,1.0,1.0,2.0
"R.-V. Germania, Leitmeritz",5.0,0.0,5.0
Racing Club de France,11.0,0.0,11.0
Raili,6.0,0.0,6.0
Ral-Club Barcelona,5.0,0.0,5.0
Ralia,5.0,0.0,5.0
Rampage,2.0,0.0,2.0
Ravel,1.0,0.0,1.0
Ravenswood Boat Club-2,2.0,0.0,2.0
Red Dragon,3.0,0.0,3.0
Red Indian,2.0,0.0,2.0
Refugee Olympic Athletes,7.0,5.0,12.0
Rhodesia,9.0,1.0,10.0
Rhythm,3.0,0.0,3.0
Riccar,2.0,0.0,2.0
Rififi,3.0,0.0,3.0
Roddklubben af 1912-1,5.0,0.0,5.0
Roddklubben af 1912-2,9.0,0.0,9.0
Roehampton-1,4.0,0.0,4.0
Roklubb Kbnhavn-2,5.0,0.0,5.0
Roma,9.0,0.0,9.0
Romania,2301.0,1422.0,3723.0
Romolo,2.0,0.0,2.0
Rose Pompon,3.0,0.0,3.0
Rostock,1.0,0.0,1.0
Rowing Club Castillon-3,3.0,0.0,3.0
Roy,3.0,0.0,3.0
Royal Club Nautique de Gand,31.0,0.0,31.0
Rozenn-3,1.0,0.0,1.0
Rush IV,4.0,0.0,4.0
Rush V,3.0,0.0,3.0
Rush VII,3.0,0.0,3.0
Russia,2013.0,1515.0,3528.0
Russia-1,8.0,12.0,20.0
Russia-2,6.0,12.0,18.0
Rwanda,36.0,20.0,56.0
Saar,86.0,7.0,93.0
Sabre,3.0,0.0,3.0
Saga-2,5.0,0.0,5.0
SagaII,3.0,0.0,3.0
Saint Kitts and Nevis,25.0,17.0,42.0
Saint Lucia,15.0,13.0,28.0
Saint Vincent and the Grenadines,31.0,11.0,42.0
Salamander,3.0,0.0,3.0
Samoa,51.0,12.0,63.0
San Marino,128.0,16.0,144.0
Sandra,3.0,0.0,3.0
Sans Atout-1,5.0,0.0,5.0
Santa Maria,6.0,0.0,6.0
Sao Tome and Principe,9.0,6.0,15.0
Sarcelle-3,6.0,0.0,6.0
Sarcelle-35,3.0,0.0,3.0
Saskia,5.0,1.0,6.0
Sass-2,3.0,0.0,3.0
Saudi Arabia,225.0,5.0,230.0
Scamasaxe-2,2.0,0.0,2.0
Scamasaxe-3,2.0,0.0,2.0
Scamasaxe-34,2.0,0.0,2.0
Scaup,2.0,0.0,2.0
Scotia,9.0,0.0,9.0
Scotland,8.0,0.0,8.0
Scotland-2,8.0,0.0,8.0
Scotland-3,11.0,0.0,11.0
Scram,2.0,0.0,2.0
Sea Dog-2,2.0,0.0,2.0
Seawanhaka Boat Club-1,2.0,0.0,2.0
Senegal,298.0,77.0,375.0
Serbia,230.0,126.0,356.0
Serbia and Montenegro,251.0,49.0,300.0
Serbia-1,2.0,0.0,2.0
Serbia-2,2.0,0.0,2.0
Serendipity,3.0,0.0,3.0
Seychelles,88.0,23.0,111.0
Sheerio,6.0,0.0,6.0
Shoveller,3.0,0.0,3.0
Shrew II,2.0,0.0,2.0
Siames-Cat,2.0,0.0,2.0
Sibindi-2,3.0,0.0,3.0
Sidi Fekkar-36,4.0,0.0,4.0
Sidi-Fekkar-14,8.0,0.0,8.0
Sierra Leone,87.0,27.0,114.0
Sif,4.0,0.0,4.0
Sildra-1,4.0,0.0,4.0
Silja,6.0,0.0,6.0
Singy-37,2.0,0.0,2.0
Singy-7,2.0,0.0,2.0
Sirene,2.0,0.0,2.0
Sjhxa,3.0,0.0,3.0
Sjovinge,2.0,0.0,2.0
Skidoo,2.0,1.0,3.0
Skum,2.0,0.0,2.0
Slaghoken,3.0,0.0,3.0
Slaghoken II,3.0,0.0,3.0
Slovakia,334.0,167.0,501.0
Slovakia-1,2.0,2.0,4.0
Slovakia-2,2.0,2.0,4.0
Slovenia,321.0,182.0,503.0
Smyrna,11.0,0.0,11.0
Snap,3.0,0.0,3.0
Snowten III,3.0,0.0,3.0
Snude,3.0,0.0,3.0
"Socialer Turnverein, Detroit",6.0,0.0,6.0
Societ Nautique de la Marne,8.0,0.0,8.0
Societ Nautique de la Marne-1,2.0,0.0,2.0
Societ Nautique de la Marne-3,4.0,0.0,4.0
Socit Nautique de Bayonne,19.0,0.0,19.0
Socit Nautique de Bayonne-1,3.0,0.0,3.0
Socit Nautique de Bayonne-2,8.0,0.0,8.0
Socit Nautique de la Basse Seine-1,8.0,0.0,8.0
Socit Nautique de la Basse Seine-2,3.0,0.0,3.0
Solomon Islands,18.0,9.0,27.0
Somalia,27.0,5.0,32.0
Sonja II,3.0,0.0,3.0
Sorais-2,5.0,0.0,5.0
Souriceau-38,1.0,0.0,1.0
Souriceau-4,2.0,0.0,2.0
South Africa,1237.0,428.0,1665.0
South Africa-1,2.0,0.0,2.0
South Africa-2,2.0,0.0,2.0
South Korea,2397.0,1187.0,3584.0
South Korea-1,28.0,26.0,54.0
South Korea-2,28.0,26.0,54.0
"South St Louis Turnverein, St Louis",6.0,0.0,6.0
South Sudan,2.0,1.0,3.0
South Vietnam,60.0,2.0,62.0
South Yemen,5.0,0.0,5.0
Souvenance,1.0,0.0,1.0
Soviet Union,3303.0,1281.0,4584.0
Spain,3510.0,1320.0,4830.0
Spain-1,17.0,10.0,27.0
Spain-2,15.0,9.0,24.0
Spirit III,4.0,0.0,4.0
Spirit VI,3.0,0.0,3.0
Springbok,2.0,0.0,2.0
Squid III,2.0,0.0,2.0
Sri Lanka,102.0,44.0,146.0
St. Louis Amateur Athletic Association,12.0,0.0,12.0
St. Louis Southwest Turnverein #1-2,5.0,0.0,5.0
St. Louis Southwest Turnverein #2-3,5.0,0.0,5.0
St. Margrite,2.0,0.0,2.0
St. Rose-2,12.0,0.0,12.0
Stade Franais AC-2,2.0,0.0,2.0
Starita,2.0,0.0,2.0
Starlight III,2.0,0.0,2.0
State VI,3.0,0.0,3.0
Stella-2,3.0,0.0,3.0
Struten,3.0,0.0,3.0
Studenternes Roklub-2,5.0,0.0,5.0
Subbnboana,4.0,0.0,4.0
Sudan,97.0,10.0,107.0
Sunshine,2.0,0.0,2.0
Suriname,47.0,22.0,69.0
Surprise,3.0,0.0,3.0
Suzon IV-39,1.0,0.0,1.0
Suzon IV-5,2.0,0.0,2.0
Suzy-2,3.0,0.0,3.0
Swaziland,56.0,8.0,64.0
Sweden,4528.0,1293.0,5821.0
Sweden-1,23.0,5.0,28.0
Sweden-2,25.0,5.0,30.0
Sweden-3,6.0,2.0,8.0
Sweden-4,1.0,1.0,2.0
Swedish Star,2.0,0.0,2.0
Swift,2.0,0.0,2.0
Switzerland,3323.0,610.0,3933.0
Switzerland-1,8.0,2.0,10.0
Switzerland-2,8.0,2.0,10.0
Sydney Rowing Club,9.0,0.0,9.0
Sylvia,6.0,0.0,6.0
Symphony,2.0,0.0,2.0
Syndi,2.0,0.0,2.0
Syria,139.0,17.0,156.0
Taifun,7.0,0.0,7.0
Tajamar,2.0,0.0,2.0
Tajikistan,44.0,16.0,60.0
Tan-Fe-Pah,3.0,0.0,3.0
Tango,6.0,0.0,6.0
Tantalus,2.0,0.0,2.0
Tanzania,140.0,21.0,161.0
Tengiri,2.0,0.0,2.0
Teresita,3.0,0.0,3.0
Terrible,2.0,0.0,2.0
Thailand,514.0,212.0,726.0
Thailand-1,4.0,0.0,4.0
Thailand-2,4.0,0.0,4.0
Thalatta,3.0,0.0,3.0
Thames Rowing Club,5.0,0.0,5.0
The Cloud,2.0,0.0,2.0
Thessalonki-1,11.0,0.0,11.0
Three Leaves,2.0,0.0,2.0
Three Star Too,2.0,0.0,2.0
Tichiboo,2.0,0.0,2.0
Tilly,3.0,0.0,3.0
Tim-Tam III,3.0,0.0,3.0
Timor Leste,3.0,5.0,8.0
Tineke,2.0,0.0,2.0
Tip,3.0,0.0,3.0
Titia,5.0,0.0,5.0
Tlaloc,2.0,0.0,2.0
Togo,48.0,8.0,56.0
Tom Kyle,3.0,0.0,3.0
Tomahawk II,3.0,0.0,3.0
Tonga,35.0,10.0,45.0
Tornade-16,1.0,0.0,1.0
Tornado,5.0,0.0,5.0
Toronto Argonauts,27.0,0.0,27.0
Tournade-40,1.0,0.0,1.0
Tramontane,2.0,0.0,2.0
Trans-Mississippi Golf Association-2,10.0,0.0,10.0
Trickson VI,5.0,0.0,5.0
Trinidad and Tobago,286.0,80.0,366.0
Trintel II,3.0,0.0,3.0
Tritons Lillois-2,12.0,0.0,12.0
Tu-Fri,3.0,0.0,3.0
Tulilind,2.0,0.0,2.0
Tunisia,466.0,95.0,561.0
Turkey,945.0,230.0,1175.0
Turkmenistan,32.0,22.0,54.0
"Turnverein Vorwrts, Chicago",6.0,0.0,6.0
"Turnverein Vorwrts, Cleveland",6.0,0.0,6.0
Turquoise-1,1.0,0.0,1.0
Turquoise-3,2.0,0.0,2.0
Tutti V,5.0,0.0,5.0
Tuvalu,5.0,2.0,7.0
Twinkle,1.0,1.0,2.0
Twins II,5.0,0.0,5.0
Twins VIII,4.0,0.0,4.0
USFSA,13.0,0.0,13.0
Ubu,5.0,0.0,5.0
Uganda,218.0,42.0,260.0
Ukraine,1078.0,893.0,1971.0
Umberta V,2.0,0.0,2.0
Unified Team,405.0,241.0,646.0
Union des Socits Franais de Sports Athletiques,29.0,0.0,29.0
Unique,3.0,0.0,3.0
United Arab Emirates,137.0,7.0,144.0
United Arab Republic,123.0,0.0,123.0
United States,10357.0,4169.0,14526.0
United States Golf Association-3,10.0,0.0,10.0
United States Virgin Islands,194.0,45.0,239.0
United States-1,33.0,29.0,62.0
United States-10,2.0,0.0,2.0
United States-11,2.0,0.0,2.0
United States-12,2.0,0.0,2.0
United States-13,2.0,0.0,2.0
United States-14,2.0,0.0,2.0
United States-2,33.0,29.0,62.0
United States-3,6.0,2.0,8.0
United States-4,2.0,0.0,2.0
United States-5,2.0,0.0,2.0
United States-6,2.0,0.0,2.0
United States-7,2.0,0.0,2.0
United States-8,2.0,0.0,2.0
United States-9,2.0,0.0,2.0
United States/France,2.0,0.0,2.0
United States/Great Britain,3.0,1.0,4.0
Univ. of Brussels,11.0,0.0,11.0
Unknown,2.0,0.0,2.0
Upton Park FC,11.0,0.0,11.0
Uragan,2.0,0.0,2.0
Uruguay,507.0,62.0,569.0
Uzbekistan,329.0,135.0,464.0
Vanuatu,23.0,12.0,35.0
Vaxholm Roddklubb,5.0,0.0,5.0
Venezuela,695.0,219.0,914.0
Venilia,3.0,0.0,3.0
Vento Sul,2.0,0.0,2.0
Verveine-19,1.0,0.0,1.0
Verveine-41,1.0,0.0,1.0
Vesania,2.0,0.0,2.0
Vesper Boat Club,18.0,0.0,18.0
Vicking,2.0,0.0,2.0
Vietnam,80.0,74.0,154.0
Viking,3.0,0.0,3.0
Viktoriya,3.0,0.0,3.0
Vim III,2.0,0.0,2.0
Vinga-1,5.0,0.0,5.0
Vinha,6.0,0.0,6.0
Virginie,3.0,0.0,3.0
Vision,4.0,0.0,4.0
Voloira II,3.0,0.0,3.0
Wales-4,11.0,0.0,11.0
Wannsee,2.0,0.0,2.0
Web II,3.0,0.0,3.0
Web III,3.0,0.0,3.0
Wendehals,2.0,0.0,2.0
West Germany,1824.0,724.0,2548.0
West Germany-1,4.0,0.0,4.0
West Germany-2,4.0,0.0,4.0
West Germany-3,2.0,0.0,2.0
West Indies Federation,18.0,0.0,18.0
Western Golf Association-1,10.0,0.0,10.0
Western Rowing Club-3,6.0,0.0,6.0
Whirlaway,2.0,0.0,2.0
Whisper,1.0,0.0,1.0
White Lady,3.0,0.0,3.0
Whitini Star,1.0,0.0,1.0
Widgeon,2.0,0.0,2.0
Wiking,5.0,0.0,5.0
Willem-Six,3.0,0.0,3.0
Windor,2.0,0.0,2.0
Winnipeg Shamrocks-1,12.0,0.0,12.0
Wolseley-Siddeley-1,4.0,0.0,4.0
Xantippa,3.0,0.0,3.0
Xolotl,3.0,0.0,3.0
Yangon,2.0,0.0,2.0
Yemen,28.0,4.0,32.0
Yeoman,4.0,0.0,4.0
Yeoman V,3.0,0.0,3.0
Yeoman VII,3.0,0.0,3.0
Yeoman XII,3.0,0.0,3.0
Ylliam II,5.0,0.0,5.0
Ylliam VII,6.0,0.0,6.0
Ylliam VIII,5.0,0.0,5.0
Yugoslavia,1740.0,297.0,2037.0
Yugoslavia-1,2.0,0.0,2.0
Yugoslavia-2,2.0,0.0,2.0
Zambia,164.0,19.0,183.0
Zefyros,2.0,0.0,2.0
Zimbabwe,194.0,113.0,307.0
Zut,3.0,0.0,3.0
rn-2,5.0,0.0,5.0
Australia-3,0.0,2.0,2.0
Belarus-1,0.0,2.0,2.0
Belarus-2,0.0,2.0,2.0
Bonaparte,0.0,1.0,1.0
Brentina,0.0,1.0,1.0
Bulgaria-1,0.0,2.0,2.0
Bulgaria-2,0.0,2.0,2.0
Calimucho,0.0,1.0,1.0
China-3,0.0,2.0,2.0
Clearwater,0.0,1.0,1.0
Cuba-1,0.0,2.0,2.0
Cuba-2,0.0,2.0,2.0
Digby,0.0,1.0,1.0
Dow Jones,0.0,1.0,1.0
Elvis Va,0.0,1.0,1.0
Gran Gesto,0.0,1.0,1.0
Japan-3,0.0,2.0,2.0
Lancet,0.0,1.0,1.0
Mistral Hojris,0.0,1.0,1.0
Mythilus,0.0,1.0,1.0
Orion,0.0,1.0,1.0
Pop Art,0.0,1.0,1.0
Quando Quando,0.0,1.0,1.0
Rambo,0.0,1.0,1.0
Relampago,0.0,1.0,1.0
Romania-1,0.0,4.0,4.0
Romania-2,0.0,4.0,4.0
Salinero,0.0,1.0,1.0
Satchmo,0.0,1.0,1.0
Slovenia-1,0.0,2.0,2.0
Slovenia-2,0.0,2.0,2.0
Solos Carex,0.0,1.0,1.0
Sunrise,0.0,1.0,1.0
Ukraine-1,0.0,4.0,4.0
Ukraine-2,0.0,4.0,4.0
Unified Team-1,0.0,2.0,2.0
Unified Team-2,0.0,2.0,2.0
